{
  "best_bid": {
    "median": 99.99000000000001,
    "iqr": 0.25
  },
  "best_ask": {
    "median": 100.04,
    "iqr": 0.2400000000000091
  },
  "bid_qty_1": {
    "median": 1233.0,
    "iqr": 228.0
  },
  "ask_qty_1": {
    "median": 1234.0,
    "iqr": 227.25
  },
  "spread": {
    "median": 0.05000000074505806,
    "iqr": 0.010000001639127731
  },
  "imbalance": {
    "median": 0.0,
    "iqr": 0.04868742451071739
  },
  "microprice": {
    "median": 100.01921081542969,
    "iqr": 0.24576950073242188
  },
  "mid_price": {
    "median": 100.0199966430664,
    "iqr": 0.24500274658203125
  },
  "returns": {
    "median": 0.0,
    "iqr": 0.00019985437393188477
  },
  "volatility": {
    "median": 0.00015274756879080087,
    "iqr": 0.0001001220280159032
  },
  "bid_value": {
    "median": 123415.046875,
    "iqr": 22976.0546875
  },
  "ask_value": {
    "median": 123487.6484375,
    "iqr": 22923.1640625
  }
}